INSERT INTO ACCOUNT_TYPE(ACCOUNT_TYPE_ID, ACCOUNT_TYPE_DESCRIPTION) values ('001','Savings');
INSERT INTO ACCOUNT_TYPE(ACCOUNT_TYPE_ID, ACCOUNT_TYPE_DESCRIPTION) values ('002','Current');

INSERT INTO ACCOUNT (ACCOUNT_NUMBER, ACCOUNT_NAME, BALANCE_DATE, CURRENCY, OPENING_AVAILABLE_BALANCE, ACCOUNT_TYPE_ID ) values(123435562,'John Smith','2020-05-02 12:30:00','USD',1200.99,'001');
INSERT INTO ACCOUNT (ACCOUNT_NUMBER, ACCOUNT_NAME, BALANCE_DATE, CURRENCY, OPENING_AVAILABLE_BALANCE, ACCOUNT_TYPE_ID ) values(884748284,'Mary Johnson','2020-05-03 12:30:00','AUD',1300.3,'002');
INSERT INTO ACCOUNT (ACCOUNT_NUMBER, ACCOUNT_NAME, BALANCE_DATE, CURRENCY, OPENING_AVAILABLE_BALANCE, ACCOUNT_TYPE_ID ) values(989874834,'Bessie Williams','2020-05-04 12:30:00','QTZ',100.11,'001');
INSERT INTO ACCOUNT (ACCOUNT_NUMBER, ACCOUNT_NAME, BALANCE_DATE, CURRENCY, OPENING_AVAILABLE_BALANCE, ACCOUNT_TYPE_ID ) values(345673234,'Mario Brown','2020-05-05 12:30:00','USD',50000.23,'002');
INSERT INTO ACCOUNT (ACCOUNT_NUMBER, ACCOUNT_NAME, BALANCE_DATE, CURRENCY, OPENING_AVAILABLE_BALANCE, ACCOUNT_TYPE_ID ) values(998847234,'Christian Jones','2020-05-06 12:30:00','AUD',120000.34,'001');
INSERT INTO ACCOUNT (ACCOUNT_NUMBER, ACCOUNT_NAME, BALANCE_DATE, CURRENCY, OPENING_AVAILABLE_BALANCE, ACCOUNT_TYPE_ID ) values(938474572,'Rocky Garcia','2020-05-07 12:30:00','QTZ',45000.76,'002');
INSERT INTO ACCOUNT (ACCOUNT_NUMBER, ACCOUNT_NAME, BALANCE_DATE, CURRENCY, OPENING_AVAILABLE_BALANCE, ACCOUNT_TYPE_ID ) values(837475345,'Karen Miller','2020-05-01 12:30:00','USD',2345000.34,'001');
INSERT INTO ACCOUNT (ACCOUNT_NUMBER, ACCOUNT_NAME, BALANCE_DATE, CURRENCY, OPENING_AVAILABLE_BALANCE, ACCOUNT_TYPE_ID ) values(234235634,'Peter Davis','2020-05-01 12:30:00','AUD',12300.22,'002');
INSERT INTO ACCOUNT (ACCOUNT_NUMBER, ACCOUNT_NAME, BALANCE_DATE, CURRENCY, OPENING_AVAILABLE_BALANCE, ACCOUNT_TYPE_ID ) values(345345,'Lily Robinson','2020-05-02 12:30:00','QTZ',12422.98,'001');
INSERT INTO ACCOUNT (ACCOUNT_NUMBER, ACCOUNT_NAME, BALANCE_DATE, CURRENCY, OPENING_AVAILABLE_BALANCE, ACCOUNT_TYPE_ID ) values(234562,'Joshua Young','2020-05-03 12:30:00','USD',9934.01,'002');
INSERT INTO ACCOUNT (ACCOUNT_NUMBER, ACCOUNT_NAME, BALANCE_DATE, CURRENCY, OPENING_AVAILABLE_BALANCE, ACCOUNT_TYPE_ID ) values(2345234,'Jose Wright','2020-05-04 12:30:00','AUD',7373.93,'001');
INSERT INTO ACCOUNT (ACCOUNT_NUMBER, ACCOUNT_NAME, BALANCE_DATE, CURRENCY, OPENING_AVAILABLE_BALANCE, ACCOUNT_TYPE_ID ) values(87345764,'Luis Allen','2020-05-05 12:30:00','QTZ',764.23,'002');


INSERT INTO TRANSACTION (ACCOUNT_NUMBER, CREDIT_AMOUNT, CURRENCY, DEBIT_AMOUNT, TYPE, TRANSACTION_NARRATIVE,  VALID_DATE) values (123435562, 523,'USD', 0,'CREDIT','', '2020-05-01 1:00:00');
INSERT INTO TRANSACTION (ACCOUNT_NUMBER, CREDIT_AMOUNT, CURRENCY, DEBIT_AMOUNT, TYPE, TRANSACTION_NARRATIVE,  VALID_DATE) values (123435562, 779,'USD', 0,'CREDIT','', '2020-05-02 1:00:00');
INSERT INTO TRANSACTION (ACCOUNT_NUMBER, CREDIT_AMOUNT, CURRENCY, DEBIT_AMOUNT, TYPE, TRANSACTION_NARRATIVE,  VALID_DATE) values (123435562, 650,'USD', 0,'CREDIT','', '2020-05-03 1:00:00');
INSERT INTO TRANSACTION (ACCOUNT_NUMBER, CREDIT_AMOUNT, CURRENCY, DEBIT_AMOUNT, TYPE, TRANSACTION_NARRATIVE,  VALID_DATE) values (123435562, 699,'USD', 0,'CREDIT','', '2020-05-04 1:00:00');
INSERT INTO TRANSACTION (ACCOUNT_NUMBER, CREDIT_AMOUNT, CURRENCY, DEBIT_AMOUNT, TYPE, TRANSACTION_NARRATIVE,  VALID_DATE) values (123435562, 10,'USD', 0,'CREDIT','', '2020-05-05 1:00:00');
INSERT INTO TRANSACTION (ACCOUNT_NUMBER, CREDIT_AMOUNT, CURRENCY, DEBIT_AMOUNT, TYPE, TRANSACTION_NARRATIVE,  VALID_DATE) values (123435562, 10,'USD', 0,'CREDIT','', '2020-05-06 1:00:00');
INSERT INTO TRANSACTION (ACCOUNT_NUMBER, CREDIT_AMOUNT, CURRENCY, DEBIT_AMOUNT, TYPE, TRANSACTION_NARRATIVE,  VALID_DATE) values (123435562, 696,'USD', 0,'CREDIT','', '2020-05-07 1:00:00');
INSERT INTO TRANSACTION (ACCOUNT_NUMBER, CREDIT_AMOUNT, CURRENCY, DEBIT_AMOUNT, TYPE, TRANSACTION_NARRATIVE,  VALID_DATE) values (123435562, 957,'USD', 0,'CREDIT','', '2020-05-08 1:00:00');
INSERT INTO TRANSACTION (ACCOUNT_NUMBER, CREDIT_AMOUNT, CURRENCY, DEBIT_AMOUNT, TYPE, TRANSACTION_NARRATIVE,  VALID_DATE) values (123435562, 783,'USD', 0,'CREDIT','', '2020-05-09 1:00:00');
INSERT INTO TRANSACTION (ACCOUNT_NUMBER, CREDIT_AMOUNT, CURRENCY, DEBIT_AMOUNT, TYPE, TRANSACTION_NARRATIVE,  VALID_DATE) values (123435562, 424,'USD', 0,'CREDIT','', '2020-05-10 1:00:00');
INSERT INTO TRANSACTION (ACCOUNT_NUMBER, CREDIT_AMOUNT, CURRENCY, DEBIT_AMOUNT, TYPE, TRANSACTION_NARRATIVE,  VALID_DATE) values (123435562, 716,'USD', 0,'CREDIT','', '2020-05-11 1:00:00');
INSERT INTO TRANSACTION (ACCOUNT_NUMBER, CREDIT_AMOUNT, CURRENCY, DEBIT_AMOUNT, TYPE, TRANSACTION_NARRATIVE,  VALID_DATE) values (123435562, 846,'USD', 0,'CREDIT','', '2020-05-12 1:00:00');
INSERT INTO TRANSACTION (ACCOUNT_NUMBER, CREDIT_AMOUNT, CURRENCY, DEBIT_AMOUNT, TYPE, TRANSACTION_NARRATIVE,  VALID_DATE) values (123435562, 0,'USD', 368,'DEBIT','', '2020-05-13 1:00:00');
INSERT INTO TRANSACTION (ACCOUNT_NUMBER, CREDIT_AMOUNT, CURRENCY, DEBIT_AMOUNT, TYPE, TRANSACTION_NARRATIVE,  VALID_DATE) values (123435562, 0,'USD', 364,'DEBIT','', '2020-05-14 1:00:00');
INSERT INTO TRANSACTION (ACCOUNT_NUMBER, CREDIT_AMOUNT, CURRENCY, DEBIT_AMOUNT, TYPE, TRANSACTION_NARRATIVE,  VALID_DATE) values (123435562, 0,'USD', 632,'DEBIT','', '2020-05-15 1:00:00');
INSERT INTO TRANSACTION (ACCOUNT_NUMBER, CREDIT_AMOUNT, CURRENCY, DEBIT_AMOUNT, TYPE, TRANSACTION_NARRATIVE,  VALID_DATE) values (123435562, 0,'USD', 227,'DEBIT','', '2020-05-16 1:00:00');
INSERT INTO TRANSACTION (ACCOUNT_NUMBER, CREDIT_AMOUNT, CURRENCY, DEBIT_AMOUNT, TYPE, TRANSACTION_NARRATIVE,  VALID_DATE) values (123435562, 0,'USD', 21,'DEBIT','', '2020-05-17 1:00:00');
INSERT INTO TRANSACTION (ACCOUNT_NUMBER, CREDIT_AMOUNT, CURRENCY, DEBIT_AMOUNT, TYPE, TRANSACTION_NARRATIVE,  VALID_DATE) values (123435562, 0,'USD', 3,'DEBIT','', '2020-05-18 1:00:00');
INSERT INTO TRANSACTION (ACCOUNT_NUMBER, CREDIT_AMOUNT, CURRENCY, DEBIT_AMOUNT, TYPE, TRANSACTION_NARRATIVE,  VALID_DATE) values (123435562, 0,'USD', 469,'DEBIT','', '2020-05-19 1:00:00');
INSERT INTO TRANSACTION (ACCOUNT_NUMBER, CREDIT_AMOUNT, CURRENCY, DEBIT_AMOUNT, TYPE, TRANSACTION_NARRATIVE,  VALID_DATE) values (123435562, 0,'USD', 862,'DEBIT','', '2020-05-20 1:00:00');
INSERT INTO TRANSACTION (ACCOUNT_NUMBER, CREDIT_AMOUNT, CURRENCY, DEBIT_AMOUNT, TYPE, TRANSACTION_NARRATIVE,  VALID_DATE) values (123435562, 0,'USD', 163,'DEBIT','', '2020-05-21 1:00:00');
INSERT INTO TRANSACTION (ACCOUNT_NUMBER, CREDIT_AMOUNT, CURRENCY, DEBIT_AMOUNT, TYPE, TRANSACTION_NARRATIVE,  VALID_DATE) values (123435562, 0,'USD', 808,'DEBIT','', '2020-05-22 1:00:00');
INSERT INTO TRANSACTION (ACCOUNT_NUMBER, CREDIT_AMOUNT, CURRENCY, DEBIT_AMOUNT, TYPE, TRANSACTION_NARRATIVE,  VALID_DATE) values (123435562, 0,'USD', 954,'DEBIT','', '2020-05-23 1:00:00');

INSERT INTO TRANSACTION (ACCOUNT_NUMBER, CREDIT_AMOUNT, CURRENCY, DEBIT_AMOUNT, TYPE, TRANSACTION_NARRATIVE,  VALID_DATE) values (884748284, 804,'AUD', 0,'CREDIT','', '2020-05-01 1:00:00');
INSERT INTO TRANSACTION (ACCOUNT_NUMBER, CREDIT_AMOUNT, CURRENCY, DEBIT_AMOUNT, TYPE, TRANSACTION_NARRATIVE,  VALID_DATE) values (884748284, 234,'AUD', 0,'CREDIT','', '2020-05-02 1:00:00');
INSERT INTO TRANSACTION (ACCOUNT_NUMBER, CREDIT_AMOUNT, CURRENCY, DEBIT_AMOUNT, TYPE, TRANSACTION_NARRATIVE,  VALID_DATE) values (884748284, 961,'AUD', 0,'CREDIT','', '2020-05-03 1:00:00');
INSERT INTO TRANSACTION (ACCOUNT_NUMBER, CREDIT_AMOUNT, CURRENCY, DEBIT_AMOUNT, TYPE, TRANSACTION_NARRATIVE,  VALID_DATE) values (884748284, 143,'AUD', 0,'CREDIT','', '2020-05-04 1:00:00');
INSERT INTO TRANSACTION (ACCOUNT_NUMBER, CREDIT_AMOUNT, CURRENCY, DEBIT_AMOUNT, TYPE, TRANSACTION_NARRATIVE,  VALID_DATE) values (884748284, 380,'AUD', 0,'CREDIT','', '2020-05-05 1:00:00');
INSERT INTO TRANSACTION (ACCOUNT_NUMBER, CREDIT_AMOUNT, CURRENCY, DEBIT_AMOUNT, TYPE, TRANSACTION_NARRATIVE,  VALID_DATE) values (884748284, 977,'AUD', 0,'CREDIT','', '2020-05-06 1:00:00');
INSERT INTO TRANSACTION (ACCOUNT_NUMBER, CREDIT_AMOUNT, CURRENCY, DEBIT_AMOUNT, TYPE, TRANSACTION_NARRATIVE,  VALID_DATE) values (884748284, 930,'AUD', 0,'CREDIT','', '2020-05-07 1:00:00');
INSERT INTO TRANSACTION (ACCOUNT_NUMBER, CREDIT_AMOUNT, CURRENCY, DEBIT_AMOUNT, TYPE, TRANSACTION_NARRATIVE,  VALID_DATE) values (884748284, 493,'AUD', 0,'CREDIT','', '2020-05-08 1:00:00');
INSERT INTO TRANSACTION (ACCOUNT_NUMBER, CREDIT_AMOUNT, CURRENCY, DEBIT_AMOUNT, TYPE, TRANSACTION_NARRATIVE,  VALID_DATE) values (884748284, 425,'AUD', 0,'CREDIT','', '2020-05-09 1:00:00');
INSERT INTO TRANSACTION (ACCOUNT_NUMBER, CREDIT_AMOUNT, CURRENCY, DEBIT_AMOUNT, TYPE, TRANSACTION_NARRATIVE,  VALID_DATE) values (884748284, 770,'AUD', 0,'CREDIT','', '2020-05-10 1:00:00');
INSERT INTO TRANSACTION (ACCOUNT_NUMBER, CREDIT_AMOUNT, CURRENCY, DEBIT_AMOUNT, TYPE, TRANSACTION_NARRATIVE,  VALID_DATE) values (884748284, 729,'AUD', 0,'CREDIT','', '2020-05-11 1:00:00');
INSERT INTO TRANSACTION (ACCOUNT_NUMBER, CREDIT_AMOUNT, CURRENCY, DEBIT_AMOUNT, TYPE, TRANSACTION_NARRATIVE,  VALID_DATE) values (884748284, 622,'AUD', 0,'CREDIT','', '2020-05-12 1:00:00');
INSERT INTO TRANSACTION (ACCOUNT_NUMBER, CREDIT_AMOUNT, CURRENCY, DEBIT_AMOUNT, TYPE, TRANSACTION_NARRATIVE,  VALID_DATE) values (884748284, 0,'AUD', 288,'DEBIT','', '2020-05-13 1:00:00');
INSERT INTO TRANSACTION (ACCOUNT_NUMBER, CREDIT_AMOUNT, CURRENCY, DEBIT_AMOUNT, TYPE, TRANSACTION_NARRATIVE,  VALID_DATE) values (884748284, 0,'AUD', 449,'DEBIT','', '2020-05-14 1:00:00');
INSERT INTO TRANSACTION (ACCOUNT_NUMBER, CREDIT_AMOUNT, CURRENCY, DEBIT_AMOUNT, TYPE, TRANSACTION_NARRATIVE,  VALID_DATE) values (884748284, 0,'AUD', 757,'DEBIT','', '2020-05-15 1:00:00');
INSERT INTO TRANSACTION (ACCOUNT_NUMBER, CREDIT_AMOUNT, CURRENCY, DEBIT_AMOUNT, TYPE, TRANSACTION_NARRATIVE,  VALID_DATE) values (884748284, 0,'AUD', 822,'DEBIT','', '2020-05-16 1:00:00');
INSERT INTO TRANSACTION (ACCOUNT_NUMBER, CREDIT_AMOUNT, CURRENCY, DEBIT_AMOUNT, TYPE, TRANSACTION_NARRATIVE,  VALID_DATE) values (884748284, 0,'AUD', 62,'DEBIT','', '2020-05-17 1:00:00');
INSERT INTO TRANSACTION (ACCOUNT_NUMBER, CREDIT_AMOUNT, CURRENCY, DEBIT_AMOUNT, TYPE, TRANSACTION_NARRATIVE,  VALID_DATE) values (884748284, 0,'AUD', 358,'DEBIT','', '2020-05-18 1:00:00');
INSERT INTO TRANSACTION (ACCOUNT_NUMBER, CREDIT_AMOUNT, CURRENCY, DEBIT_AMOUNT, TYPE, TRANSACTION_NARRATIVE,  VALID_DATE) values (884748284, 0,'AUD', 837,'DEBIT','', '2020-05-19 1:00:00');
INSERT INTO TRANSACTION (ACCOUNT_NUMBER, CREDIT_AMOUNT, CURRENCY, DEBIT_AMOUNT, TYPE, TRANSACTION_NARRATIVE,  VALID_DATE) values (884748284, 0,'AUD', 935,'DEBIT','', '2020-05-20 1:00:00');
INSERT INTO TRANSACTION (ACCOUNT_NUMBER, CREDIT_AMOUNT, CURRENCY, DEBIT_AMOUNT, TYPE, TRANSACTION_NARRATIVE,  VALID_DATE) values (884748284, 0,'AUD', 817,'DEBIT','', '2020-05-21 1:00:00');
INSERT INTO TRANSACTION (ACCOUNT_NUMBER, CREDIT_AMOUNT, CURRENCY, DEBIT_AMOUNT, TYPE, TRANSACTION_NARRATIVE,  VALID_DATE) values (884748284, 0,'AUD', 255,'DEBIT','', '2020-05-22 1:00:00');
INSERT INTO TRANSACTION (ACCOUNT_NUMBER, CREDIT_AMOUNT, CURRENCY, DEBIT_AMOUNT, TYPE, TRANSACTION_NARRATIVE,  VALID_DATE) values (884748284, 0,'AUD', 915,'DEBIT','', '2020-05-23 1:00:00');

INSERT INTO TRANSACTION (ACCOUNT_NUMBER, CREDIT_AMOUNT, CURRENCY, DEBIT_AMOUNT, TYPE, TRANSACTION_NARRATIVE,  VALID_DATE) values (989874834, 977,'QTZ', 0,'CREDIT','', '2020-05-01 1:00:00');
INSERT INTO TRANSACTION (ACCOUNT_NUMBER, CREDIT_AMOUNT, CURRENCY, DEBIT_AMOUNT, TYPE, TRANSACTION_NARRATIVE,  VALID_DATE) values (989874834, 434,'QTZ', 0,'CREDIT','', '2020-05-02 1:00:00');
INSERT INTO TRANSACTION (ACCOUNT_NUMBER, CREDIT_AMOUNT, CURRENCY, DEBIT_AMOUNT, TYPE, TRANSACTION_NARRATIVE,  VALID_DATE) values (989874834, 525,'QTZ', 0,'CREDIT','', '2020-05-03 1:00:00');
INSERT INTO TRANSACTION (ACCOUNT_NUMBER, CREDIT_AMOUNT, CURRENCY, DEBIT_AMOUNT, TYPE, TRANSACTION_NARRATIVE,  VALID_DATE) values (989874834, 714,'QTZ', 0,'CREDIT','', '2020-05-04 1:00:00');
INSERT INTO TRANSACTION (ACCOUNT_NUMBER, CREDIT_AMOUNT, CURRENCY, DEBIT_AMOUNT, TYPE, TRANSACTION_NARRATIVE,  VALID_DATE) values (989874834, 893,'QTZ', 0,'CREDIT','', '2020-05-05 1:00:00');
INSERT INTO TRANSACTION (ACCOUNT_NUMBER, CREDIT_AMOUNT, CURRENCY, DEBIT_AMOUNT, TYPE, TRANSACTION_NARRATIVE,  VALID_DATE) values (989874834, 971,'QTZ', 0,'CREDIT','', '2020-05-06 1:00:00');
INSERT INTO TRANSACTION (ACCOUNT_NUMBER, CREDIT_AMOUNT, CURRENCY, DEBIT_AMOUNT, TYPE, TRANSACTION_NARRATIVE,  VALID_DATE) values (989874834, 71,'QTZ', 0,'CREDIT','', '2020-05-07 1:00:00');
INSERT INTO TRANSACTION (ACCOUNT_NUMBER, CREDIT_AMOUNT, CURRENCY, DEBIT_AMOUNT, TYPE, TRANSACTION_NARRATIVE,  VALID_DATE) values (989874834, 128,'QTZ', 0,'CREDIT','', '2020-05-08 1:00:00');
INSERT INTO TRANSACTION (ACCOUNT_NUMBER, CREDIT_AMOUNT, CURRENCY, DEBIT_AMOUNT, TYPE, TRANSACTION_NARRATIVE,  VALID_DATE) values (989874834, 163,'QTZ', 0,'CREDIT','', '2020-05-09 1:00:00');
INSERT INTO TRANSACTION (ACCOUNT_NUMBER, CREDIT_AMOUNT, CURRENCY, DEBIT_AMOUNT, TYPE, TRANSACTION_NARRATIVE,  VALID_DATE) values (989874834, 523,'QTZ', 0,'CREDIT','', '2020-05-10 1:00:00');
INSERT INTO TRANSACTION (ACCOUNT_NUMBER, CREDIT_AMOUNT, CURRENCY, DEBIT_AMOUNT, TYPE, TRANSACTION_NARRATIVE,  VALID_DATE) values (989874834, 895,'QTZ', 0,'CREDIT','', '2020-05-11 1:00:00');
INSERT INTO TRANSACTION (ACCOUNT_NUMBER, CREDIT_AMOUNT, CURRENCY, DEBIT_AMOUNT, TYPE, TRANSACTION_NARRATIVE,  VALID_DATE) values (989874834, 270,'QTZ', 0,'CREDIT','', '2020-05-12 1:00:00');
INSERT INTO TRANSACTION (ACCOUNT_NUMBER, CREDIT_AMOUNT, CURRENCY, DEBIT_AMOUNT, TYPE, TRANSACTION_NARRATIVE,  VALID_DATE) values (989874834, 0,'QTZ', 13,'DEBIT','', '2020-05-13 1:00:00');
INSERT INTO TRANSACTION (ACCOUNT_NUMBER, CREDIT_AMOUNT, CURRENCY, DEBIT_AMOUNT, TYPE, TRANSACTION_NARRATIVE,  VALID_DATE) values (989874834, 0,'QTZ', 814,'DEBIT','', '2020-05-14 1:00:00');
INSERT INTO TRANSACTION (ACCOUNT_NUMBER, CREDIT_AMOUNT, CURRENCY, DEBIT_AMOUNT, TYPE, TRANSACTION_NARRATIVE,  VALID_DATE) values (989874834, 0,'QTZ', 513,'DEBIT','', '2020-05-15 1:00:00');
INSERT INTO TRANSACTION (ACCOUNT_NUMBER, CREDIT_AMOUNT, CURRENCY, DEBIT_AMOUNT, TYPE, TRANSACTION_NARRATIVE,  VALID_DATE) values (989874834, 0,'QTZ', 564,'DEBIT','', '2020-05-16 1:00:00');
INSERT INTO TRANSACTION (ACCOUNT_NUMBER, CREDIT_AMOUNT, CURRENCY, DEBIT_AMOUNT, TYPE, TRANSACTION_NARRATIVE,  VALID_DATE) values (989874834, 0,'QTZ', 771,'DEBIT','', '2020-05-17 1:00:00');
INSERT INTO TRANSACTION (ACCOUNT_NUMBER, CREDIT_AMOUNT, CURRENCY, DEBIT_AMOUNT, TYPE, TRANSACTION_NARRATIVE,  VALID_DATE) values (989874834, 0,'QTZ', 420,'DEBIT','', '2020-05-18 1:00:00');
INSERT INTO TRANSACTION (ACCOUNT_NUMBER, CREDIT_AMOUNT, CURRENCY, DEBIT_AMOUNT, TYPE, TRANSACTION_NARRATIVE,  VALID_DATE) values (989874834, 0,'QTZ', 348,'DEBIT','', '2020-05-19 1:00:00');
INSERT INTO TRANSACTION (ACCOUNT_NUMBER, CREDIT_AMOUNT, CURRENCY, DEBIT_AMOUNT, TYPE, TRANSACTION_NARRATIVE,  VALID_DATE) values (989874834, 0,'QTZ', 75,'DEBIT','', '2020-05-20 1:00:00');
INSERT INTO TRANSACTION (ACCOUNT_NUMBER, CREDIT_AMOUNT, CURRENCY, DEBIT_AMOUNT, TYPE, TRANSACTION_NARRATIVE,  VALID_DATE) values (989874834, 0,'QTZ', 270,'DEBIT','', '2020-05-21 1:00:00');
INSERT INTO TRANSACTION (ACCOUNT_NUMBER, CREDIT_AMOUNT, CURRENCY, DEBIT_AMOUNT, TYPE, TRANSACTION_NARRATIVE,  VALID_DATE) values (989874834, 0,'QTZ', 414,'DEBIT','', '2020-05-22 1:00:00');
INSERT INTO TRANSACTION (ACCOUNT_NUMBER, CREDIT_AMOUNT, CURRENCY, DEBIT_AMOUNT, TYPE, TRANSACTION_NARRATIVE,  VALID_DATE) values (989874834, 0,'QTZ', 250,'DEBIT','', '2020-05-23 1:00:00');

INSERT INTO TRANSACTION (ACCOUNT_NUMBER, CREDIT_AMOUNT, CURRENCY, DEBIT_AMOUNT, TYPE, TRANSACTION_NARRATIVE,  VALID_DATE) values (345673234, 441,'USD', 0,'CREDIT','', '2020-05-01 1:00:00');
INSERT INTO TRANSACTION (ACCOUNT_NUMBER, CREDIT_AMOUNT, CURRENCY, DEBIT_AMOUNT, TYPE, TRANSACTION_NARRATIVE,  VALID_DATE) values (345673234, 730,'USD', 0,'CREDIT','', '2020-05-02 1:00:00');
INSERT INTO TRANSACTION (ACCOUNT_NUMBER, CREDIT_AMOUNT, CURRENCY, DEBIT_AMOUNT, TYPE, TRANSACTION_NARRATIVE,  VALID_DATE) values (345673234, 448,'USD', 0,'CREDIT','', '2020-05-03 1:00:00');
INSERT INTO TRANSACTION (ACCOUNT_NUMBER, CREDIT_AMOUNT, CURRENCY, DEBIT_AMOUNT, TYPE, TRANSACTION_NARRATIVE,  VALID_DATE) values (345673234, 770,'USD', 0,'CREDIT','', '2020-05-04 1:00:00');
INSERT INTO TRANSACTION (ACCOUNT_NUMBER, CREDIT_AMOUNT, CURRENCY, DEBIT_AMOUNT, TYPE, TRANSACTION_NARRATIVE,  VALID_DATE) values (345673234, 790,'USD', 0,'CREDIT','', '2020-05-05 1:00:00');
INSERT INTO TRANSACTION (ACCOUNT_NUMBER, CREDIT_AMOUNT, CURRENCY, DEBIT_AMOUNT, TYPE, TRANSACTION_NARRATIVE,  VALID_DATE) values (345673234, 90,'USD', 0,'CREDIT','', '2020-05-06 1:00:00');
INSERT INTO TRANSACTION (ACCOUNT_NUMBER, CREDIT_AMOUNT, CURRENCY, DEBIT_AMOUNT, TYPE, TRANSACTION_NARRATIVE,  VALID_DATE) values (345673234, 851,'USD', 0,'CREDIT','', '2020-05-07 1:00:00');
INSERT INTO TRANSACTION (ACCOUNT_NUMBER, CREDIT_AMOUNT, CURRENCY, DEBIT_AMOUNT, TYPE, TRANSACTION_NARRATIVE,  VALID_DATE) values (345673234, 891,'USD', 0,'CREDIT','', '2020-05-08 1:00:00');
INSERT INTO TRANSACTION (ACCOUNT_NUMBER, CREDIT_AMOUNT, CURRENCY, DEBIT_AMOUNT, TYPE, TRANSACTION_NARRATIVE,  VALID_DATE) values (345673234, 579,'USD', 0,'CREDIT','', '2020-05-09 1:00:00');
INSERT INTO TRANSACTION (ACCOUNT_NUMBER, CREDIT_AMOUNT, CURRENCY, DEBIT_AMOUNT, TYPE, TRANSACTION_NARRATIVE,  VALID_DATE) values (345673234, 295,'USD', 0,'CREDIT','', '2020-05-10 1:00:00');
INSERT INTO TRANSACTION (ACCOUNT_NUMBER, CREDIT_AMOUNT, CURRENCY, DEBIT_AMOUNT, TYPE, TRANSACTION_NARRATIVE,  VALID_DATE) values (345673234, 695,'USD', 0,'CREDIT','', '2020-05-11 1:00:00');
INSERT INTO TRANSACTION (ACCOUNT_NUMBER, CREDIT_AMOUNT, CURRENCY, DEBIT_AMOUNT, TYPE, TRANSACTION_NARRATIVE,  VALID_DATE) values (345673234, 351,'USD', 0,'CREDIT','', '2020-05-12 1:00:00');
INSERT INTO TRANSACTION (ACCOUNT_NUMBER, CREDIT_AMOUNT, CURRENCY, DEBIT_AMOUNT, TYPE, TRANSACTION_NARRATIVE,  VALID_DATE) values (345673234, 0,'USD', 593,'DEBIT','', '2020-05-13 1:00:00');
INSERT INTO TRANSACTION (ACCOUNT_NUMBER, CREDIT_AMOUNT, CURRENCY, DEBIT_AMOUNT, TYPE, TRANSACTION_NARRATIVE,  VALID_DATE) values (345673234, 0,'USD', 489,'DEBIT','', '2020-05-14 1:00:00');
INSERT INTO TRANSACTION (ACCOUNT_NUMBER, CREDIT_AMOUNT, CURRENCY, DEBIT_AMOUNT, TYPE, TRANSACTION_NARRATIVE,  VALID_DATE) values (345673234, 0,'USD', 534,'DEBIT','', '2020-05-15 1:00:00');
INSERT INTO TRANSACTION (ACCOUNT_NUMBER, CREDIT_AMOUNT, CURRENCY, DEBIT_AMOUNT, TYPE, TRANSACTION_NARRATIVE,  VALID_DATE) values (345673234, 0,'USD', 639,'DEBIT','', '2020-05-16 1:00:00');
INSERT INTO TRANSACTION (ACCOUNT_NUMBER, CREDIT_AMOUNT, CURRENCY, DEBIT_AMOUNT, TYPE, TRANSACTION_NARRATIVE,  VALID_DATE) values (345673234, 0,'USD', 348,'DEBIT','', '2020-05-17 1:00:00');
INSERT INTO TRANSACTION (ACCOUNT_NUMBER, CREDIT_AMOUNT, CURRENCY, DEBIT_AMOUNT, TYPE, TRANSACTION_NARRATIVE,  VALID_DATE) values (345673234, 0,'USD', 893,'DEBIT','', '2020-05-18 1:00:00');
INSERT INTO TRANSACTION (ACCOUNT_NUMBER, CREDIT_AMOUNT, CURRENCY, DEBIT_AMOUNT, TYPE, TRANSACTION_NARRATIVE,  VALID_DATE) values (345673234, 0,'USD', 840,'DEBIT','', '2020-05-19 1:00:00');
INSERT INTO TRANSACTION (ACCOUNT_NUMBER, CREDIT_AMOUNT, CURRENCY, DEBIT_AMOUNT, TYPE, TRANSACTION_NARRATIVE,  VALID_DATE) values (345673234, 0,'USD', 115,'DEBIT','', '2020-05-20 1:00:00');
INSERT INTO TRANSACTION (ACCOUNT_NUMBER, CREDIT_AMOUNT, CURRENCY, DEBIT_AMOUNT, TYPE, TRANSACTION_NARRATIVE,  VALID_DATE) values (345673234, 0,'USD', 912,'DEBIT','', '2020-05-21 1:00:00');
INSERT INTO TRANSACTION (ACCOUNT_NUMBER, CREDIT_AMOUNT, CURRENCY, DEBIT_AMOUNT, TYPE, TRANSACTION_NARRATIVE,  VALID_DATE) values (345673234, 0,'USD', 740,'DEBIT','', '2020-05-22 1:00:00');
INSERT INTO TRANSACTION (ACCOUNT_NUMBER, CREDIT_AMOUNT, CURRENCY, DEBIT_AMOUNT, TYPE, TRANSACTION_NARRATIVE,  VALID_DATE) values (345673234, 0,'USD', 251,'DEBIT','', '2020-05-23 1:00:00');

INSERT INTO TRANSACTION (ACCOUNT_NUMBER, CREDIT_AMOUNT, CURRENCY, DEBIT_AMOUNT, TYPE, TRANSACTION_NARRATIVE,  VALID_DATE) values (998847234, 461,'AUD', 0,'CREDIT','', '2020-05-01 1:00:00');
INSERT INTO TRANSACTION (ACCOUNT_NUMBER, CREDIT_AMOUNT, CURRENCY, DEBIT_AMOUNT, TYPE, TRANSACTION_NARRATIVE,  VALID_DATE) values (998847234, 355,'AUD', 0,'CREDIT','', '2020-05-02 1:00:00');
INSERT INTO TRANSACTION (ACCOUNT_NUMBER, CREDIT_AMOUNT, CURRENCY, DEBIT_AMOUNT, TYPE, TRANSACTION_NARRATIVE,  VALID_DATE) values (998847234, 81,'AUD', 0,'CREDIT','', '2020-05-03 1:00:00');
INSERT INTO TRANSACTION (ACCOUNT_NUMBER, CREDIT_AMOUNT, CURRENCY, DEBIT_AMOUNT, TYPE, TRANSACTION_NARRATIVE,  VALID_DATE) values (998847234, 741,'AUD', 0,'CREDIT','', '2020-05-04 1:00:00');
INSERT INTO TRANSACTION (ACCOUNT_NUMBER, CREDIT_AMOUNT, CURRENCY, DEBIT_AMOUNT, TYPE, TRANSACTION_NARRATIVE,  VALID_DATE) values (998847234, 303,'AUD', 0,'CREDIT','', '2020-05-05 1:00:00');
INSERT INTO TRANSACTION (ACCOUNT_NUMBER, CREDIT_AMOUNT, CURRENCY, DEBIT_AMOUNT, TYPE, TRANSACTION_NARRATIVE,  VALID_DATE) values (998847234, 446,'AUD', 0,'CREDIT','', '2020-05-06 1:00:00');
INSERT INTO TRANSACTION (ACCOUNT_NUMBER, CREDIT_AMOUNT, CURRENCY, DEBIT_AMOUNT, TYPE, TRANSACTION_NARRATIVE,  VALID_DATE) values (998847234, 268,'AUD', 0,'CREDIT','', '2020-05-07 1:00:00');
INSERT INTO TRANSACTION (ACCOUNT_NUMBER, CREDIT_AMOUNT, CURRENCY, DEBIT_AMOUNT, TYPE, TRANSACTION_NARRATIVE,  VALID_DATE) values (998847234, 581,'AUD', 0,'CREDIT','', '2020-05-08 1:00:00');
INSERT INTO TRANSACTION (ACCOUNT_NUMBER, CREDIT_AMOUNT, CURRENCY, DEBIT_AMOUNT, TYPE, TRANSACTION_NARRATIVE,  VALID_DATE) values (998847234, 539,'AUD', 0,'CREDIT','', '2020-05-09 1:00:00');
INSERT INTO TRANSACTION (ACCOUNT_NUMBER, CREDIT_AMOUNT, CURRENCY, DEBIT_AMOUNT, TYPE, TRANSACTION_NARRATIVE,  VALID_DATE) values (998847234, 890,'AUD', 0,'CREDIT','', '2020-05-10 1:00:00');
INSERT INTO TRANSACTION (ACCOUNT_NUMBER, CREDIT_AMOUNT, CURRENCY, DEBIT_AMOUNT, TYPE, TRANSACTION_NARRATIVE,  VALID_DATE) values (998847234, 666,'AUD', 0,'CREDIT','', '2020-05-11 1:00:00');
INSERT INTO TRANSACTION (ACCOUNT_NUMBER, CREDIT_AMOUNT, CURRENCY, DEBIT_AMOUNT, TYPE, TRANSACTION_NARRATIVE,  VALID_DATE) values (998847234, 634,'AUD', 0,'CREDIT','', '2020-05-12 1:00:00');
INSERT INTO TRANSACTION (ACCOUNT_NUMBER, CREDIT_AMOUNT, CURRENCY, DEBIT_AMOUNT, TYPE, TRANSACTION_NARRATIVE,  VALID_DATE) values (998847234, 0,'AUD', 27,'DEBIT','', '2020-05-13 1:00:00');
INSERT INTO TRANSACTION (ACCOUNT_NUMBER, CREDIT_AMOUNT, CURRENCY, DEBIT_AMOUNT, TYPE, TRANSACTION_NARRATIVE,  VALID_DATE) values (998847234, 0,'AUD', 212,'DEBIT','', '2020-05-14 1:00:00');
INSERT INTO TRANSACTION (ACCOUNT_NUMBER, CREDIT_AMOUNT, CURRENCY, DEBIT_AMOUNT, TYPE, TRANSACTION_NARRATIVE,  VALID_DATE) values (998847234, 0,'AUD', 907,'DEBIT','', '2020-05-15 1:00:00');
INSERT INTO TRANSACTION (ACCOUNT_NUMBER, CREDIT_AMOUNT, CURRENCY, DEBIT_AMOUNT, TYPE, TRANSACTION_NARRATIVE,  VALID_DATE) values (998847234, 0,'AUD', 961,'DEBIT','', '2020-05-16 1:00:00');
INSERT INTO TRANSACTION (ACCOUNT_NUMBER, CREDIT_AMOUNT, CURRENCY, DEBIT_AMOUNT, TYPE, TRANSACTION_NARRATIVE,  VALID_DATE) values (998847234, 0,'AUD', 97,'DEBIT','', '2020-05-17 1:00:00');
INSERT INTO TRANSACTION (ACCOUNT_NUMBER, CREDIT_AMOUNT, CURRENCY, DEBIT_AMOUNT, TYPE, TRANSACTION_NARRATIVE,  VALID_DATE) values (998847234, 0,'AUD', 946,'DEBIT','', '2020-05-18 1:00:00');
INSERT INTO TRANSACTION (ACCOUNT_NUMBER, CREDIT_AMOUNT, CURRENCY, DEBIT_AMOUNT, TYPE, TRANSACTION_NARRATIVE,  VALID_DATE) values (998847234, 0,'AUD', 887,'DEBIT','', '2020-05-19 1:00:00');
INSERT INTO TRANSACTION (ACCOUNT_NUMBER, CREDIT_AMOUNT, CURRENCY, DEBIT_AMOUNT, TYPE, TRANSACTION_NARRATIVE,  VALID_DATE) values (998847234, 0,'AUD', 41,'DEBIT','', '2020-05-20 1:00:00');
INSERT INTO TRANSACTION (ACCOUNT_NUMBER, CREDIT_AMOUNT, CURRENCY, DEBIT_AMOUNT, TYPE, TRANSACTION_NARRATIVE,  VALID_DATE) values (998847234, 0,'AUD', 524,'DEBIT','', '2020-05-21 1:00:00');
INSERT INTO TRANSACTION (ACCOUNT_NUMBER, CREDIT_AMOUNT, CURRENCY, DEBIT_AMOUNT, TYPE, TRANSACTION_NARRATIVE,  VALID_DATE) values (998847234, 0,'AUD', 352,'DEBIT','', '2020-05-22 1:00:00');
INSERT INTO TRANSACTION (ACCOUNT_NUMBER, CREDIT_AMOUNT, CURRENCY, DEBIT_AMOUNT, TYPE, TRANSACTION_NARRATIVE,  VALID_DATE) values (998847234, 0,'AUD', 895,'DEBIT','', '2020-05-23 1:00:00');

INSERT INTO TRANSACTION (ACCOUNT_NUMBER, CREDIT_AMOUNT, CURRENCY, DEBIT_AMOUNT, TYPE, TRANSACTION_NARRATIVE,  VALID_DATE) values (938474572, 453,'QTZ', 0,'CREDIT','', '2020-05-01 1:00:00');
INSERT INTO TRANSACTION (ACCOUNT_NUMBER, CREDIT_AMOUNT, CURRENCY, DEBIT_AMOUNT, TYPE, TRANSACTION_NARRATIVE,  VALID_DATE) values (938474572, 336,'QTZ', 0,'CREDIT','', '2020-05-02 1:00:00');
INSERT INTO TRANSACTION (ACCOUNT_NUMBER, CREDIT_AMOUNT, CURRENCY, DEBIT_AMOUNT, TYPE, TRANSACTION_NARRATIVE,  VALID_DATE) values (938474572, 744,'QTZ', 0,'CREDIT','', '2020-05-03 1:00:00');
INSERT INTO TRANSACTION (ACCOUNT_NUMBER, CREDIT_AMOUNT, CURRENCY, DEBIT_AMOUNT, TYPE, TRANSACTION_NARRATIVE,  VALID_DATE) values (938474572, 228,'QTZ', 0,'CREDIT','', '2020-05-04 1:00:00');
INSERT INTO TRANSACTION (ACCOUNT_NUMBER, CREDIT_AMOUNT, CURRENCY, DEBIT_AMOUNT, TYPE, TRANSACTION_NARRATIVE,  VALID_DATE) values (938474572, 551,'QTZ', 0,'CREDIT','', '2020-05-05 1:00:00');
INSERT INTO TRANSACTION (ACCOUNT_NUMBER, CREDIT_AMOUNT, CURRENCY, DEBIT_AMOUNT, TYPE, TRANSACTION_NARRATIVE,  VALID_DATE) values (938474572, 694,'QTZ', 0,'CREDIT','', '2020-05-06 1:00:00');
INSERT INTO TRANSACTION (ACCOUNT_NUMBER, CREDIT_AMOUNT, CURRENCY, DEBIT_AMOUNT, TYPE, TRANSACTION_NARRATIVE,  VALID_DATE) values (938474572, 263,'QTZ', 0,'CREDIT','', '2020-05-07 1:00:00');
INSERT INTO TRANSACTION (ACCOUNT_NUMBER, CREDIT_AMOUNT, CURRENCY, DEBIT_AMOUNT, TYPE, TRANSACTION_NARRATIVE,  VALID_DATE) values (938474572, 658,'QTZ', 0,'CREDIT','', '2020-05-08 1:00:00');
INSERT INTO TRANSACTION (ACCOUNT_NUMBER, CREDIT_AMOUNT, CURRENCY, DEBIT_AMOUNT, TYPE, TRANSACTION_NARRATIVE,  VALID_DATE) values (938474572, 599,'QTZ', 0,'CREDIT','', '2020-05-09 1:00:00');
INSERT INTO TRANSACTION (ACCOUNT_NUMBER, CREDIT_AMOUNT, CURRENCY, DEBIT_AMOUNT, TYPE, TRANSACTION_NARRATIVE,  VALID_DATE) values (938474572, 998,'QTZ', 0,'CREDIT','', '2020-05-10 1:00:00');
INSERT INTO TRANSACTION (ACCOUNT_NUMBER, CREDIT_AMOUNT, CURRENCY, DEBIT_AMOUNT, TYPE, TRANSACTION_NARRATIVE,  VALID_DATE) values (938474572, 911,'QTZ', 0,'CREDIT','', '2020-05-11 1:00:00');
INSERT INTO TRANSACTION (ACCOUNT_NUMBER, CREDIT_AMOUNT, CURRENCY, DEBIT_AMOUNT, TYPE, TRANSACTION_NARRATIVE,  VALID_DATE) values (938474572, 273,'QTZ', 0,'CREDIT','', '2020-05-12 1:00:00');
INSERT INTO TRANSACTION (ACCOUNT_NUMBER, CREDIT_AMOUNT, CURRENCY, DEBIT_AMOUNT, TYPE, TRANSACTION_NARRATIVE,  VALID_DATE) values (938474572, 0,'QTZ', 661,'DEBIT','', '2020-05-13 1:00:00');
INSERT INTO TRANSACTION (ACCOUNT_NUMBER, CREDIT_AMOUNT, CURRENCY, DEBIT_AMOUNT, TYPE, TRANSACTION_NARRATIVE,  VALID_DATE) values (938474572, 0,'QTZ', 565,'DEBIT','', '2020-05-14 1:00:00');
INSERT INTO TRANSACTION (ACCOUNT_NUMBER, CREDIT_AMOUNT, CURRENCY, DEBIT_AMOUNT, TYPE, TRANSACTION_NARRATIVE,  VALID_DATE) values (938474572, 0,'QTZ', 617,'DEBIT','', '2020-05-15 1:00:00');
INSERT INTO TRANSACTION (ACCOUNT_NUMBER, CREDIT_AMOUNT, CURRENCY, DEBIT_AMOUNT, TYPE, TRANSACTION_NARRATIVE,  VALID_DATE) values (938474572, 0,'QTZ', 49,'DEBIT','', '2020-05-16 1:00:00');
INSERT INTO TRANSACTION (ACCOUNT_NUMBER, CREDIT_AMOUNT, CURRENCY, DEBIT_AMOUNT, TYPE, TRANSACTION_NARRATIVE,  VALID_DATE) values (938474572, 0,'QTZ', 540,'DEBIT','', '2020-05-17 1:00:00');
INSERT INTO TRANSACTION (ACCOUNT_NUMBER, CREDIT_AMOUNT, CURRENCY, DEBIT_AMOUNT, TYPE, TRANSACTION_NARRATIVE,  VALID_DATE) values (938474572, 0,'QTZ', 900,'DEBIT','', '2020-05-18 1:00:00');
INSERT INTO TRANSACTION (ACCOUNT_NUMBER, CREDIT_AMOUNT, CURRENCY, DEBIT_AMOUNT, TYPE, TRANSACTION_NARRATIVE,  VALID_DATE) values (938474572, 0,'QTZ', 318,'DEBIT','', '2020-05-19 1:00:00');
INSERT INTO TRANSACTION (ACCOUNT_NUMBER, CREDIT_AMOUNT, CURRENCY, DEBIT_AMOUNT, TYPE, TRANSACTION_NARRATIVE,  VALID_DATE) values (938474572, 0,'QTZ', 60,'DEBIT','', '2020-05-20 1:00:00');
INSERT INTO TRANSACTION (ACCOUNT_NUMBER, CREDIT_AMOUNT, CURRENCY, DEBIT_AMOUNT, TYPE, TRANSACTION_NARRATIVE,  VALID_DATE) values (938474572, 0,'QTZ', 318,'DEBIT','', '2020-05-21 1:00:00');
INSERT INTO TRANSACTION (ACCOUNT_NUMBER, CREDIT_AMOUNT, CURRENCY, DEBIT_AMOUNT, TYPE, TRANSACTION_NARRATIVE,  VALID_DATE) values (938474572, 0,'QTZ', 581,'DEBIT','', '2020-05-22 1:00:00');
INSERT INTO TRANSACTION (ACCOUNT_NUMBER, CREDIT_AMOUNT, CURRENCY, DEBIT_AMOUNT, TYPE, TRANSACTION_NARRATIVE,  VALID_DATE) values (938474572, 0,'QTZ', 874,'DEBIT','', '2020-05-23 1:00:00');

INSERT INTO TRANSACTION (ACCOUNT_NUMBER, CREDIT_AMOUNT, CURRENCY, DEBIT_AMOUNT, TYPE, TRANSACTION_NARRATIVE,  VALID_DATE) values (837475345, 295,'USD', 0,'CREDIT','', '2020-05-01 1:00:00');
INSERT INTO TRANSACTION (ACCOUNT_NUMBER, CREDIT_AMOUNT, CURRENCY, DEBIT_AMOUNT, TYPE, TRANSACTION_NARRATIVE,  VALID_DATE) values (837475345, 508,'USD', 0,'CREDIT','', '2020-05-02 1:00:00');
INSERT INTO TRANSACTION (ACCOUNT_NUMBER, CREDIT_AMOUNT, CURRENCY, DEBIT_AMOUNT, TYPE, TRANSACTION_NARRATIVE,  VALID_DATE) values (837475345, 568,'USD', 0,'CREDIT','', '2020-05-03 1:00:00');
INSERT INTO TRANSACTION (ACCOUNT_NUMBER, CREDIT_AMOUNT, CURRENCY, DEBIT_AMOUNT, TYPE, TRANSACTION_NARRATIVE,  VALID_DATE) values (837475345, 225,'USD', 0,'CREDIT','', '2020-05-04 1:00:00');
INSERT INTO TRANSACTION (ACCOUNT_NUMBER, CREDIT_AMOUNT, CURRENCY, DEBIT_AMOUNT, TYPE, TRANSACTION_NARRATIVE,  VALID_DATE) values (837475345, 309,'USD', 0,'CREDIT','', '2020-05-05 1:00:00');
INSERT INTO TRANSACTION (ACCOUNT_NUMBER, CREDIT_AMOUNT, CURRENCY, DEBIT_AMOUNT, TYPE, TRANSACTION_NARRATIVE,  VALID_DATE) values (837475345, 154,'USD', 0,'CREDIT','', '2020-05-06 1:00:00');
INSERT INTO TRANSACTION (ACCOUNT_NUMBER, CREDIT_AMOUNT, CURRENCY, DEBIT_AMOUNT, TYPE, TRANSACTION_NARRATIVE,  VALID_DATE) values (837475345, 399,'USD', 0,'CREDIT','', '2020-05-07 1:00:00');
INSERT INTO TRANSACTION (ACCOUNT_NUMBER, CREDIT_AMOUNT, CURRENCY, DEBIT_AMOUNT, TYPE, TRANSACTION_NARRATIVE,  VALID_DATE) values (837475345, 122,'USD', 0,'CREDIT','', '2020-05-08 1:00:00');
INSERT INTO TRANSACTION (ACCOUNT_NUMBER, CREDIT_AMOUNT, CURRENCY, DEBIT_AMOUNT, TYPE, TRANSACTION_NARRATIVE,  VALID_DATE) values (837475345, 488,'USD', 0,'CREDIT','', '2020-05-09 1:00:00');
INSERT INTO TRANSACTION (ACCOUNT_NUMBER, CREDIT_AMOUNT, CURRENCY, DEBIT_AMOUNT, TYPE, TRANSACTION_NARRATIVE,  VALID_DATE) values (837475345, 24,'USD', 0,'CREDIT','', '2020-05-10 1:00:00');
INSERT INTO TRANSACTION (ACCOUNT_NUMBER, CREDIT_AMOUNT, CURRENCY, DEBIT_AMOUNT, TYPE, TRANSACTION_NARRATIVE,  VALID_DATE) values (837475345, 98,'USD', 0,'CREDIT','', '2020-05-11 1:00:00');
INSERT INTO TRANSACTION (ACCOUNT_NUMBER, CREDIT_AMOUNT, CURRENCY, DEBIT_AMOUNT, TYPE, TRANSACTION_NARRATIVE,  VALID_DATE) values (837475345, 590,'USD', 0,'CREDIT','', '2020-05-12 1:00:00');
INSERT INTO TRANSACTION (ACCOUNT_NUMBER, CREDIT_AMOUNT, CURRENCY, DEBIT_AMOUNT, TYPE, TRANSACTION_NARRATIVE,  VALID_DATE) values (837475345, 0,'USD', 136,'DEBIT','', '2020-05-13 1:00:00');
INSERT INTO TRANSACTION (ACCOUNT_NUMBER, CREDIT_AMOUNT, CURRENCY, DEBIT_AMOUNT, TYPE, TRANSACTION_NARRATIVE,  VALID_DATE) values (837475345, 0,'USD', 898,'DEBIT','', '2020-05-14 1:00:00');
INSERT INTO TRANSACTION (ACCOUNT_NUMBER, CREDIT_AMOUNT, CURRENCY, DEBIT_AMOUNT, TYPE, TRANSACTION_NARRATIVE,  VALID_DATE) values (837475345, 0,'USD', 204,'DEBIT','', '2020-05-15 1:00:00');
INSERT INTO TRANSACTION (ACCOUNT_NUMBER, CREDIT_AMOUNT, CURRENCY, DEBIT_AMOUNT, TYPE, TRANSACTION_NARRATIVE,  VALID_DATE) values (837475345, 0,'USD', 84,'DEBIT','', '2020-05-16 1:00:00');
INSERT INTO TRANSACTION (ACCOUNT_NUMBER, CREDIT_AMOUNT, CURRENCY, DEBIT_AMOUNT, TYPE, TRANSACTION_NARRATIVE,  VALID_DATE) values (837475345, 0,'USD', 249,'DEBIT','', '2020-05-17 1:00:00');
INSERT INTO TRANSACTION (ACCOUNT_NUMBER, CREDIT_AMOUNT, CURRENCY, DEBIT_AMOUNT, TYPE, TRANSACTION_NARRATIVE,  VALID_DATE) values (837475345, 0,'USD', 856,'DEBIT','', '2020-05-18 1:00:00');
INSERT INTO TRANSACTION (ACCOUNT_NUMBER, CREDIT_AMOUNT, CURRENCY, DEBIT_AMOUNT, TYPE, TRANSACTION_NARRATIVE,  VALID_DATE) values (837475345, 0,'USD', 759,'DEBIT','', '2020-05-19 1:00:00');
INSERT INTO TRANSACTION (ACCOUNT_NUMBER, CREDIT_AMOUNT, CURRENCY, DEBIT_AMOUNT, TYPE, TRANSACTION_NARRATIVE,  VALID_DATE) values (837475345, 0,'USD', 925,'DEBIT','', '2020-05-20 1:00:00');
INSERT INTO TRANSACTION (ACCOUNT_NUMBER, CREDIT_AMOUNT, CURRENCY, DEBIT_AMOUNT, TYPE, TRANSACTION_NARRATIVE,  VALID_DATE) values (837475345, 0,'USD', 933,'DEBIT','', '2020-05-21 1:00:00');
INSERT INTO TRANSACTION (ACCOUNT_NUMBER, CREDIT_AMOUNT, CURRENCY, DEBIT_AMOUNT, TYPE, TRANSACTION_NARRATIVE,  VALID_DATE) values (837475345, 0,'USD', 520,'DEBIT','', '2020-05-22 1:00:00');
INSERT INTO TRANSACTION (ACCOUNT_NUMBER, CREDIT_AMOUNT, CURRENCY, DEBIT_AMOUNT, TYPE, TRANSACTION_NARRATIVE,  VALID_DATE) values (837475345, 0,'USD', 922,'DEBIT','', '2020-05-23 1:00:00');

INSERT INTO TRANSACTION (ACCOUNT_NUMBER, CREDIT_AMOUNT, CURRENCY, DEBIT_AMOUNT, TYPE, TRANSACTION_NARRATIVE,  VALID_DATE) values (234235634, 407,'AUD', 0,'CREDIT','', '2020-05-01 1:00:00');
INSERT INTO TRANSACTION (ACCOUNT_NUMBER, CREDIT_AMOUNT, CURRENCY, DEBIT_AMOUNT, TYPE, TRANSACTION_NARRATIVE,  VALID_DATE) values (234235634, 540,'AUD', 0,'CREDIT','', '2020-05-02 1:00:00');
INSERT INTO TRANSACTION (ACCOUNT_NUMBER, CREDIT_AMOUNT, CURRENCY, DEBIT_AMOUNT, TYPE, TRANSACTION_NARRATIVE,  VALID_DATE) values (234235634, 855,'AUD', 0,'CREDIT','', '2020-05-03 1:00:00');
INSERT INTO TRANSACTION (ACCOUNT_NUMBER, CREDIT_AMOUNT, CURRENCY, DEBIT_AMOUNT, TYPE, TRANSACTION_NARRATIVE,  VALID_DATE) values (234235634, 192,'AUD', 0,'CREDIT','', '2020-05-04 1:00:00');
INSERT INTO TRANSACTION (ACCOUNT_NUMBER, CREDIT_AMOUNT, CURRENCY, DEBIT_AMOUNT, TYPE, TRANSACTION_NARRATIVE,  VALID_DATE) values (234235634, 408,'AUD', 0,'CREDIT','', '2020-05-05 1:00:00');
INSERT INTO TRANSACTION (ACCOUNT_NUMBER, CREDIT_AMOUNT, CURRENCY, DEBIT_AMOUNT, TYPE, TRANSACTION_NARRATIVE,  VALID_DATE) values (234235634, 105,'AUD', 0,'CREDIT','', '2020-05-06 1:00:00');
INSERT INTO TRANSACTION (ACCOUNT_NUMBER, CREDIT_AMOUNT, CURRENCY, DEBIT_AMOUNT, TYPE, TRANSACTION_NARRATIVE,  VALID_DATE) values (234235634, 177,'AUD', 0,'CREDIT','', '2020-05-07 1:00:00');
INSERT INTO TRANSACTION (ACCOUNT_NUMBER, CREDIT_AMOUNT, CURRENCY, DEBIT_AMOUNT, TYPE, TRANSACTION_NARRATIVE,  VALID_DATE) values (234235634, 54,'AUD', 0,'CREDIT','', '2020-05-08 1:00:00');
INSERT INTO TRANSACTION (ACCOUNT_NUMBER, CREDIT_AMOUNT, CURRENCY, DEBIT_AMOUNT, TYPE, TRANSACTION_NARRATIVE,  VALID_DATE) values (234235634, 815,'AUD', 0,'CREDIT','', '2020-05-09 1:00:00');
INSERT INTO TRANSACTION (ACCOUNT_NUMBER, CREDIT_AMOUNT, CURRENCY, DEBIT_AMOUNT, TYPE, TRANSACTION_NARRATIVE,  VALID_DATE) values (234235634, 34,'AUD', 0,'CREDIT','', '2020-05-10 1:00:00');
INSERT INTO TRANSACTION (ACCOUNT_NUMBER, CREDIT_AMOUNT, CURRENCY, DEBIT_AMOUNT, TYPE, TRANSACTION_NARRATIVE,  VALID_DATE) values (234235634, 286,'AUD', 0,'CREDIT','', '2020-05-11 1:00:00');
INSERT INTO TRANSACTION (ACCOUNT_NUMBER, CREDIT_AMOUNT, CURRENCY, DEBIT_AMOUNT, TYPE, TRANSACTION_NARRATIVE,  VALID_DATE) values (234235634, 277,'AUD', 0,'CREDIT','', '2020-05-12 1:00:00');
INSERT INTO TRANSACTION (ACCOUNT_NUMBER, CREDIT_AMOUNT, CURRENCY, DEBIT_AMOUNT, TYPE, TRANSACTION_NARRATIVE,  VALID_DATE) values (234235634, 0,'AUD', 531,'DEBIT','', '2020-05-13 1:00:00');
INSERT INTO TRANSACTION (ACCOUNT_NUMBER, CREDIT_AMOUNT, CURRENCY, DEBIT_AMOUNT, TYPE, TRANSACTION_NARRATIVE,  VALID_DATE) values (234235634, 0,'AUD', 900,'DEBIT','', '2020-05-14 1:00:00');
INSERT INTO TRANSACTION (ACCOUNT_NUMBER, CREDIT_AMOUNT, CURRENCY, DEBIT_AMOUNT, TYPE, TRANSACTION_NARRATIVE,  VALID_DATE) values (234235634, 0,'AUD', 933,'DEBIT','', '2020-05-15 1:00:00');
INSERT INTO TRANSACTION (ACCOUNT_NUMBER, CREDIT_AMOUNT, CURRENCY, DEBIT_AMOUNT, TYPE, TRANSACTION_NARRATIVE,  VALID_DATE) values (234235634, 0,'AUD', 377,'DEBIT','', '2020-05-16 1:00:00');
INSERT INTO TRANSACTION (ACCOUNT_NUMBER, CREDIT_AMOUNT, CURRENCY, DEBIT_AMOUNT, TYPE, TRANSACTION_NARRATIVE,  VALID_DATE) values (234235634, 0,'AUD', 185,'DEBIT','', '2020-05-17 1:00:00');
INSERT INTO TRANSACTION (ACCOUNT_NUMBER, CREDIT_AMOUNT, CURRENCY, DEBIT_AMOUNT, TYPE, TRANSACTION_NARRATIVE,  VALID_DATE) values (234235634, 0,'AUD', 135,'DEBIT','', '2020-05-18 1:00:00');
INSERT INTO TRANSACTION (ACCOUNT_NUMBER, CREDIT_AMOUNT, CURRENCY, DEBIT_AMOUNT, TYPE, TRANSACTION_NARRATIVE,  VALID_DATE) values (234235634, 0,'AUD', 180,'DEBIT','', '2020-05-19 1:00:00');
INSERT INTO TRANSACTION (ACCOUNT_NUMBER, CREDIT_AMOUNT, CURRENCY, DEBIT_AMOUNT, TYPE, TRANSACTION_NARRATIVE,  VALID_DATE) values (234235634, 0,'AUD', 891,'DEBIT','', '2020-05-20 1:00:00');
INSERT INTO TRANSACTION (ACCOUNT_NUMBER, CREDIT_AMOUNT, CURRENCY, DEBIT_AMOUNT, TYPE, TRANSACTION_NARRATIVE,  VALID_DATE) values (234235634, 0,'AUD', 848,'DEBIT','', '2020-05-21 1:00:00');
INSERT INTO TRANSACTION (ACCOUNT_NUMBER, CREDIT_AMOUNT, CURRENCY, DEBIT_AMOUNT, TYPE, TRANSACTION_NARRATIVE,  VALID_DATE) values (234235634, 0,'AUD', 750,'DEBIT','', '2020-05-22 1:00:00');
INSERT INTO TRANSACTION (ACCOUNT_NUMBER, CREDIT_AMOUNT, CURRENCY, DEBIT_AMOUNT, TYPE, TRANSACTION_NARRATIVE,  VALID_DATE) values (234235634, 0,'AUD', 571,'DEBIT','', '2020-05-23 1:00:00');

INSERT INTO TRANSACTION (ACCOUNT_NUMBER, CREDIT_AMOUNT, CURRENCY, DEBIT_AMOUNT, TYPE, TRANSACTION_NARRATIVE,  VALID_DATE) values (345345, 812,'QTZ', 0,'CREDIT','', '2020-05-01 1:00:00');
INSERT INTO TRANSACTION (ACCOUNT_NUMBER, CREDIT_AMOUNT, CURRENCY, DEBIT_AMOUNT, TYPE, TRANSACTION_NARRATIVE,  VALID_DATE) values (345345, 781,'QTZ', 0,'CREDIT','', '2020-05-02 1:00:00');
INSERT INTO TRANSACTION (ACCOUNT_NUMBER, CREDIT_AMOUNT, CURRENCY, DEBIT_AMOUNT, TYPE, TRANSACTION_NARRATIVE,  VALID_DATE) values (345345, 331,'QTZ', 0,'CREDIT','', '2020-05-03 1:00:00');
INSERT INTO TRANSACTION (ACCOUNT_NUMBER, CREDIT_AMOUNT, CURRENCY, DEBIT_AMOUNT, TYPE, TRANSACTION_NARRATIVE,  VALID_DATE) values (345345, 885,'QTZ', 0,'CREDIT','', '2020-05-04 1:00:00');
INSERT INTO TRANSACTION (ACCOUNT_NUMBER, CREDIT_AMOUNT, CURRENCY, DEBIT_AMOUNT, TYPE, TRANSACTION_NARRATIVE,  VALID_DATE) values (345345, 275,'QTZ', 0,'CREDIT','', '2020-05-05 1:00:00');
INSERT INTO TRANSACTION (ACCOUNT_NUMBER, CREDIT_AMOUNT, CURRENCY, DEBIT_AMOUNT, TYPE, TRANSACTION_NARRATIVE,  VALID_DATE) values (345345, 781,'QTZ', 0,'CREDIT','', '2020-05-06 1:00:00');
INSERT INTO TRANSACTION (ACCOUNT_NUMBER, CREDIT_AMOUNT, CURRENCY, DEBIT_AMOUNT, TYPE, TRANSACTION_NARRATIVE,  VALID_DATE) values (345345, 25,'QTZ', 0,'CREDIT','', '2020-05-07 1:00:00');
INSERT INTO TRANSACTION (ACCOUNT_NUMBER, CREDIT_AMOUNT, CURRENCY, DEBIT_AMOUNT, TYPE, TRANSACTION_NARRATIVE,  VALID_DATE) values (345345, 588,'QTZ', 0,'CREDIT','', '2020-05-08 1:00:00');
INSERT INTO TRANSACTION (ACCOUNT_NUMBER, CREDIT_AMOUNT, CURRENCY, DEBIT_AMOUNT, TYPE, TRANSACTION_NARRATIVE,  VALID_DATE) values (345345, 325,'QTZ', 0,'CREDIT','', '2020-05-09 1:00:00');
INSERT INTO TRANSACTION (ACCOUNT_NUMBER, CREDIT_AMOUNT, CURRENCY, DEBIT_AMOUNT, TYPE, TRANSACTION_NARRATIVE,  VALID_DATE) values (345345, 765,'QTZ', 0,'CREDIT','', '2020-05-10 1:00:00');
INSERT INTO TRANSACTION (ACCOUNT_NUMBER, CREDIT_AMOUNT, CURRENCY, DEBIT_AMOUNT, TYPE, TRANSACTION_NARRATIVE,  VALID_DATE) values (345345, 345,'QTZ', 0,'CREDIT','', '2020-05-11 1:00:00');
INSERT INTO TRANSACTION (ACCOUNT_NUMBER, CREDIT_AMOUNT, CURRENCY, DEBIT_AMOUNT, TYPE, TRANSACTION_NARRATIVE,  VALID_DATE) values (345345, 260,'QTZ', 0,'CREDIT','', '2020-05-12 1:00:00');
INSERT INTO TRANSACTION (ACCOUNT_NUMBER, CREDIT_AMOUNT, CURRENCY, DEBIT_AMOUNT, TYPE, TRANSACTION_NARRATIVE,  VALID_DATE) values (345345, 0,'QTZ', 153,'DEBIT','', '2020-05-13 1:00:00');
INSERT INTO TRANSACTION (ACCOUNT_NUMBER, CREDIT_AMOUNT, CURRENCY, DEBIT_AMOUNT, TYPE, TRANSACTION_NARRATIVE,  VALID_DATE) values (345345, 0,'QTZ', 949,'DEBIT','', '2020-05-14 1:00:00');
INSERT INTO TRANSACTION (ACCOUNT_NUMBER, CREDIT_AMOUNT, CURRENCY, DEBIT_AMOUNT, TYPE, TRANSACTION_NARRATIVE,  VALID_DATE) values (345345, 0,'QTZ', 866,'DEBIT','', '2020-05-15 1:00:00');
INSERT INTO TRANSACTION (ACCOUNT_NUMBER, CREDIT_AMOUNT, CURRENCY, DEBIT_AMOUNT, TYPE, TRANSACTION_NARRATIVE,  VALID_DATE) values (345345, 0,'QTZ', 875,'DEBIT','', '2020-05-16 1:00:00');
INSERT INTO TRANSACTION (ACCOUNT_NUMBER, CREDIT_AMOUNT, CURRENCY, DEBIT_AMOUNT, TYPE, TRANSACTION_NARRATIVE,  VALID_DATE) values (345345, 0,'QTZ', 824,'DEBIT','', '2020-05-17 1:00:00');
INSERT INTO TRANSACTION (ACCOUNT_NUMBER, CREDIT_AMOUNT, CURRENCY, DEBIT_AMOUNT, TYPE, TRANSACTION_NARRATIVE,  VALID_DATE) values (345345, 0,'QTZ', 280,'DEBIT','', '2020-05-18 1:00:00');
INSERT INTO TRANSACTION (ACCOUNT_NUMBER, CREDIT_AMOUNT, CURRENCY, DEBIT_AMOUNT, TYPE, TRANSACTION_NARRATIVE,  VALID_DATE) values (345345, 0,'QTZ', 350,'DEBIT','', '2020-05-19 1:00:00');
INSERT INTO TRANSACTION (ACCOUNT_NUMBER, CREDIT_AMOUNT, CURRENCY, DEBIT_AMOUNT, TYPE, TRANSACTION_NARRATIVE,  VALID_DATE) values (345345, 0,'QTZ', 945,'DEBIT','', '2020-05-20 1:00:00');
INSERT INTO TRANSACTION (ACCOUNT_NUMBER, CREDIT_AMOUNT, CURRENCY, DEBIT_AMOUNT, TYPE, TRANSACTION_NARRATIVE,  VALID_DATE) values (345345, 0,'QTZ', 14,'DEBIT','', '2020-05-21 1:00:00');
INSERT INTO TRANSACTION (ACCOUNT_NUMBER, CREDIT_AMOUNT, CURRENCY, DEBIT_AMOUNT, TYPE, TRANSACTION_NARRATIVE,  VALID_DATE) values (345345, 0,'QTZ', 885,'DEBIT','', '2020-05-22 1:00:00');
INSERT INTO TRANSACTION (ACCOUNT_NUMBER, CREDIT_AMOUNT, CURRENCY, DEBIT_AMOUNT, TYPE, TRANSACTION_NARRATIVE,  VALID_DATE) values (345345, 0,'QTZ', 871,'DEBIT','', '2020-05-23 1:00:00');

INSERT INTO TRANSACTION (ACCOUNT_NUMBER, CREDIT_AMOUNT, CURRENCY, DEBIT_AMOUNT, TYPE, TRANSACTION_NARRATIVE,  VALID_DATE) values (234562, 215,'USD', 0,'CREDIT','', '2020-05-01 1:00:00');
INSERT INTO TRANSACTION (ACCOUNT_NUMBER, CREDIT_AMOUNT, CURRENCY, DEBIT_AMOUNT, TYPE, TRANSACTION_NARRATIVE,  VALID_DATE) values (234562, 148,'USD', 0,'CREDIT','', '2020-05-02 1:00:00');
INSERT INTO TRANSACTION (ACCOUNT_NUMBER, CREDIT_AMOUNT, CURRENCY, DEBIT_AMOUNT, TYPE, TRANSACTION_NARRATIVE,  VALID_DATE) values (234562, 433,'USD', 0,'CREDIT','', '2020-05-03 1:00:00');
INSERT INTO TRANSACTION (ACCOUNT_NUMBER, CREDIT_AMOUNT, CURRENCY, DEBIT_AMOUNT, TYPE, TRANSACTION_NARRATIVE,  VALID_DATE) values (234562, 320,'USD', 0,'CREDIT','', '2020-05-04 1:00:00');
INSERT INTO TRANSACTION (ACCOUNT_NUMBER, CREDIT_AMOUNT, CURRENCY, DEBIT_AMOUNT, TYPE, TRANSACTION_NARRATIVE,  VALID_DATE) values (234562, 824,'USD', 0,'CREDIT','', '2020-05-05 1:00:00');
INSERT INTO TRANSACTION (ACCOUNT_NUMBER, CREDIT_AMOUNT, CURRENCY, DEBIT_AMOUNT, TYPE, TRANSACTION_NARRATIVE,  VALID_DATE) values (234562, 98,'USD', 0,'CREDIT','', '2020-05-06 1:00:00');
INSERT INTO TRANSACTION (ACCOUNT_NUMBER, CREDIT_AMOUNT, CURRENCY, DEBIT_AMOUNT, TYPE, TRANSACTION_NARRATIVE,  VALID_DATE) values (234562, 478,'USD', 0,'CREDIT','', '2020-05-07 1:00:00');
INSERT INTO TRANSACTION (ACCOUNT_NUMBER, CREDIT_AMOUNT, CURRENCY, DEBIT_AMOUNT, TYPE, TRANSACTION_NARRATIVE,  VALID_DATE) values (234562, 159,'USD', 0,'CREDIT','', '2020-05-08 1:00:00');
INSERT INTO TRANSACTION (ACCOUNT_NUMBER, CREDIT_AMOUNT, CURRENCY, DEBIT_AMOUNT, TYPE, TRANSACTION_NARRATIVE,  VALID_DATE) values (234562, 419,'USD', 0,'CREDIT','', '2020-05-09 1:00:00');
INSERT INTO TRANSACTION (ACCOUNT_NUMBER, CREDIT_AMOUNT, CURRENCY, DEBIT_AMOUNT, TYPE, TRANSACTION_NARRATIVE,  VALID_DATE) values (234562, 82,'USD', 0,'CREDIT','', '2020-05-10 1:00:00');
INSERT INTO TRANSACTION (ACCOUNT_NUMBER, CREDIT_AMOUNT, CURRENCY, DEBIT_AMOUNT, TYPE, TRANSACTION_NARRATIVE,  VALID_DATE) values (234562, 199,'USD', 0,'CREDIT','', '2020-05-11 1:00:00');
INSERT INTO TRANSACTION (ACCOUNT_NUMBER, CREDIT_AMOUNT, CURRENCY, DEBIT_AMOUNT, TYPE, TRANSACTION_NARRATIVE,  VALID_DATE) values (234562, 928,'USD', 0,'CREDIT','', '2020-05-12 1:00:00');
INSERT INTO TRANSACTION (ACCOUNT_NUMBER, CREDIT_AMOUNT, CURRENCY, DEBIT_AMOUNT, TYPE, TRANSACTION_NARRATIVE,  VALID_DATE) values (234562, 0,'USD', 552,'DEBIT','', '2020-05-13 1:00:00');
INSERT INTO TRANSACTION (ACCOUNT_NUMBER, CREDIT_AMOUNT, CURRENCY, DEBIT_AMOUNT, TYPE, TRANSACTION_NARRATIVE,  VALID_DATE) values (234562, 0,'USD', 714,'DEBIT','', '2020-05-14 1:00:00');
INSERT INTO TRANSACTION (ACCOUNT_NUMBER, CREDIT_AMOUNT, CURRENCY, DEBIT_AMOUNT, TYPE, TRANSACTION_NARRATIVE,  VALID_DATE) values (234562, 0,'USD', 293,'DEBIT','', '2020-05-15 1:00:00');
INSERT INTO TRANSACTION (ACCOUNT_NUMBER, CREDIT_AMOUNT, CURRENCY, DEBIT_AMOUNT, TYPE, TRANSACTION_NARRATIVE,  VALID_DATE) values (234562, 0,'USD', 716,'DEBIT','', '2020-05-16 1:00:00');
INSERT INTO TRANSACTION (ACCOUNT_NUMBER, CREDIT_AMOUNT, CURRENCY, DEBIT_AMOUNT, TYPE, TRANSACTION_NARRATIVE,  VALID_DATE) values (234562, 0,'USD', 35,'DEBIT','', '2020-05-17 1:00:00');
INSERT INTO TRANSACTION (ACCOUNT_NUMBER, CREDIT_AMOUNT, CURRENCY, DEBIT_AMOUNT, TYPE, TRANSACTION_NARRATIVE,  VALID_DATE) values (234562, 0,'USD', 444,'DEBIT','', '2020-05-18 1:00:00');
INSERT INTO TRANSACTION (ACCOUNT_NUMBER, CREDIT_AMOUNT, CURRENCY, DEBIT_AMOUNT, TYPE, TRANSACTION_NARRATIVE,  VALID_DATE) values (234562, 0,'USD', 612,'DEBIT','', '2020-05-19 1:00:00');
INSERT INTO TRANSACTION (ACCOUNT_NUMBER, CREDIT_AMOUNT, CURRENCY, DEBIT_AMOUNT, TYPE, TRANSACTION_NARRATIVE,  VALID_DATE) values (234562, 0,'USD', 235,'DEBIT','', '2020-05-20 1:00:00');
INSERT INTO TRANSACTION (ACCOUNT_NUMBER, CREDIT_AMOUNT, CURRENCY, DEBIT_AMOUNT, TYPE, TRANSACTION_NARRATIVE,  VALID_DATE) values (234562, 0,'USD', 624,'DEBIT','', '2020-05-21 1:00:00');
INSERT INTO TRANSACTION (ACCOUNT_NUMBER, CREDIT_AMOUNT, CURRENCY, DEBIT_AMOUNT, TYPE, TRANSACTION_NARRATIVE,  VALID_DATE) values (234562, 0,'USD', 861,'DEBIT','', '2020-05-22 1:00:00');
INSERT INTO TRANSACTION (ACCOUNT_NUMBER, CREDIT_AMOUNT, CURRENCY, DEBIT_AMOUNT, TYPE, TRANSACTION_NARRATIVE,  VALID_DATE) values (234562, 0,'USD', 626,'DEBIT','', '2020-05-23 1:00:00');

INSERT INTO TRANSACTION (ACCOUNT_NUMBER, CREDIT_AMOUNT, CURRENCY, DEBIT_AMOUNT, TYPE, TRANSACTION_NARRATIVE,  VALID_DATE) values (2345234, 145,'AUD', 0,'CREDIT','', '2020-05-01 1:00:00');
INSERT INTO TRANSACTION (ACCOUNT_NUMBER, CREDIT_AMOUNT, CURRENCY, DEBIT_AMOUNT, TYPE, TRANSACTION_NARRATIVE,  VALID_DATE) values (2345234, 307,'AUD', 0,'CREDIT','', '2020-05-02 1:00:00');
INSERT INTO TRANSACTION (ACCOUNT_NUMBER, CREDIT_AMOUNT, CURRENCY, DEBIT_AMOUNT, TYPE, TRANSACTION_NARRATIVE,  VALID_DATE) values (2345234, 907,'AUD', 0,'CREDIT','', '2020-05-03 1:00:00');
INSERT INTO TRANSACTION (ACCOUNT_NUMBER, CREDIT_AMOUNT, CURRENCY, DEBIT_AMOUNT, TYPE, TRANSACTION_NARRATIVE,  VALID_DATE) values (2345234, 145,'AUD', 0,'CREDIT','', '2020-05-04 1:00:00');
INSERT INTO TRANSACTION (ACCOUNT_NUMBER, CREDIT_AMOUNT, CURRENCY, DEBIT_AMOUNT, TYPE, TRANSACTION_NARRATIVE,  VALID_DATE) values (2345234, 921,'AUD', 0,'CREDIT','', '2020-05-05 1:00:00');
INSERT INTO TRANSACTION (ACCOUNT_NUMBER, CREDIT_AMOUNT, CURRENCY, DEBIT_AMOUNT, TYPE, TRANSACTION_NARRATIVE,  VALID_DATE) values (2345234, 217,'AUD', 0,'CREDIT','', '2020-05-06 1:00:00');
INSERT INTO TRANSACTION (ACCOUNT_NUMBER, CREDIT_AMOUNT, CURRENCY, DEBIT_AMOUNT, TYPE, TRANSACTION_NARRATIVE,  VALID_DATE) values (2345234, 102,'AUD', 0,'CREDIT','', '2020-05-07 1:00:00');
INSERT INTO TRANSACTION (ACCOUNT_NUMBER, CREDIT_AMOUNT, CURRENCY, DEBIT_AMOUNT, TYPE, TRANSACTION_NARRATIVE,  VALID_DATE) values (2345234, 892,'AUD', 0,'CREDIT','', '2020-05-08 1:00:00');
INSERT INTO TRANSACTION (ACCOUNT_NUMBER, CREDIT_AMOUNT, CURRENCY, DEBIT_AMOUNT, TYPE, TRANSACTION_NARRATIVE,  VALID_DATE) values (2345234, 10,'AUD', 0,'CREDIT','', '2020-05-09 1:00:00');
INSERT INTO TRANSACTION (ACCOUNT_NUMBER, CREDIT_AMOUNT, CURRENCY, DEBIT_AMOUNT, TYPE, TRANSACTION_NARRATIVE,  VALID_DATE) values (2345234, 923,'AUD', 0,'CREDIT','', '2020-05-10 1:00:00');
INSERT INTO TRANSACTION (ACCOUNT_NUMBER, CREDIT_AMOUNT, CURRENCY, DEBIT_AMOUNT, TYPE, TRANSACTION_NARRATIVE,  VALID_DATE) values (2345234, 181,'AUD', 0,'CREDIT','', '2020-05-11 1:00:00');
INSERT INTO TRANSACTION (ACCOUNT_NUMBER, CREDIT_AMOUNT, CURRENCY, DEBIT_AMOUNT, TYPE, TRANSACTION_NARRATIVE,  VALID_DATE) values (2345234, 630,'AUD', 0,'CREDIT','', '2020-05-12 1:00:00');
INSERT INTO TRANSACTION (ACCOUNT_NUMBER, CREDIT_AMOUNT, CURRENCY, DEBIT_AMOUNT, TYPE, TRANSACTION_NARRATIVE,  VALID_DATE) values (2345234, 0,'AUD', 411,'DEBIT','', '2020-05-13 1:00:00');
INSERT INTO TRANSACTION (ACCOUNT_NUMBER, CREDIT_AMOUNT, CURRENCY, DEBIT_AMOUNT, TYPE, TRANSACTION_NARRATIVE,  VALID_DATE) values (2345234, 0,'AUD', 661,'DEBIT','', '2020-05-14 1:00:00');
INSERT INTO TRANSACTION (ACCOUNT_NUMBER, CREDIT_AMOUNT, CURRENCY, DEBIT_AMOUNT, TYPE, TRANSACTION_NARRATIVE,  VALID_DATE) values (2345234, 0,'AUD', 348,'DEBIT','', '2020-05-15 1:00:00');
INSERT INTO TRANSACTION (ACCOUNT_NUMBER, CREDIT_AMOUNT, CURRENCY, DEBIT_AMOUNT, TYPE, TRANSACTION_NARRATIVE,  VALID_DATE) values (2345234, 0,'AUD', 445,'DEBIT','', '2020-05-16 1:00:00');
INSERT INTO TRANSACTION (ACCOUNT_NUMBER, CREDIT_AMOUNT, CURRENCY, DEBIT_AMOUNT, TYPE, TRANSACTION_NARRATIVE,  VALID_DATE) values (2345234, 0,'AUD', 491,'DEBIT','', '2020-05-17 1:00:00');
INSERT INTO TRANSACTION (ACCOUNT_NUMBER, CREDIT_AMOUNT, CURRENCY, DEBIT_AMOUNT, TYPE, TRANSACTION_NARRATIVE,  VALID_DATE) values (2345234, 0,'AUD', 20,'DEBIT','', '2020-05-18 1:00:00');
INSERT INTO TRANSACTION (ACCOUNT_NUMBER, CREDIT_AMOUNT, CURRENCY, DEBIT_AMOUNT, TYPE, TRANSACTION_NARRATIVE,  VALID_DATE) values (2345234, 0,'AUD', 255,'DEBIT','', '2020-05-19 1:00:00');
INSERT INTO TRANSACTION (ACCOUNT_NUMBER, CREDIT_AMOUNT, CURRENCY, DEBIT_AMOUNT, TYPE, TRANSACTION_NARRATIVE,  VALID_DATE) values (2345234, 0,'AUD', 77,'DEBIT','', '2020-05-20 1:00:00');
INSERT INTO TRANSACTION (ACCOUNT_NUMBER, CREDIT_AMOUNT, CURRENCY, DEBIT_AMOUNT, TYPE, TRANSACTION_NARRATIVE,  VALID_DATE) values (2345234, 0,'AUD', 485,'DEBIT','', '2020-05-21 1:00:00');
INSERT INTO TRANSACTION (ACCOUNT_NUMBER, CREDIT_AMOUNT, CURRENCY, DEBIT_AMOUNT, TYPE, TRANSACTION_NARRATIVE,  VALID_DATE) values (2345234, 0,'AUD', 107,'DEBIT','', '2020-05-22 1:00:00');
INSERT INTO TRANSACTION (ACCOUNT_NUMBER, CREDIT_AMOUNT, CURRENCY, DEBIT_AMOUNT, TYPE, TRANSACTION_NARRATIVE,  VALID_DATE) values (2345234, 0,'AUD', 642,'DEBIT','', '2020-05-23 1:00:00');

INSERT INTO TRANSACTION (ACCOUNT_NUMBER, CREDIT_AMOUNT, CURRENCY, DEBIT_AMOUNT, TYPE, TRANSACTION_NARRATIVE,  VALID_DATE) values (87345764, 208,'QTZ', 0,'CREDIT','', '2020-05-01 1:00:00');
INSERT INTO TRANSACTION (ACCOUNT_NUMBER, CREDIT_AMOUNT, CURRENCY, DEBIT_AMOUNT, TYPE, TRANSACTION_NARRATIVE,  VALID_DATE) values (87345764, 897,'QTZ', 0,'CREDIT','', '2020-05-02 1:00:00');
INSERT INTO TRANSACTION (ACCOUNT_NUMBER, CREDIT_AMOUNT, CURRENCY, DEBIT_AMOUNT, TYPE, TRANSACTION_NARRATIVE,  VALID_DATE) values (87345764, 6,'QTZ', 0,'CREDIT','', '2020-05-03 1:00:00');
INSERT INTO TRANSACTION (ACCOUNT_NUMBER, CREDIT_AMOUNT, CURRENCY, DEBIT_AMOUNT, TYPE, TRANSACTION_NARRATIVE,  VALID_DATE) values (87345764, 681,'QTZ', 0,'CREDIT','', '2020-05-04 1:00:00');
INSERT INTO TRANSACTION (ACCOUNT_NUMBER, CREDIT_AMOUNT, CURRENCY, DEBIT_AMOUNT, TYPE, TRANSACTION_NARRATIVE,  VALID_DATE) values (87345764, 85,'QTZ', 0,'CREDIT','', '2020-05-05 1:00:00');
INSERT INTO TRANSACTION (ACCOUNT_NUMBER, CREDIT_AMOUNT, CURRENCY, DEBIT_AMOUNT, TYPE, TRANSACTION_NARRATIVE,  VALID_DATE) values (87345764, 567,'QTZ', 0,'CREDIT','', '2020-05-06 1:00:00');
INSERT INTO TRANSACTION (ACCOUNT_NUMBER, CREDIT_AMOUNT, CURRENCY, DEBIT_AMOUNT, TYPE, TRANSACTION_NARRATIVE,  VALID_DATE) values (87345764, 905,'QTZ', 0,'CREDIT','', '2020-05-07 1:00:00');
INSERT INTO TRANSACTION (ACCOUNT_NUMBER, CREDIT_AMOUNT, CURRENCY, DEBIT_AMOUNT, TYPE, TRANSACTION_NARRATIVE,  VALID_DATE) values (87345764, 109,'QTZ', 0,'CREDIT','', '2020-05-08 1:00:00');
INSERT INTO TRANSACTION (ACCOUNT_NUMBER, CREDIT_AMOUNT, CURRENCY, DEBIT_AMOUNT, TYPE, TRANSACTION_NARRATIVE,  VALID_DATE) values (87345764, 384,'QTZ', 0,'CREDIT','', '2020-05-09 1:00:00');
INSERT INTO TRANSACTION (ACCOUNT_NUMBER, CREDIT_AMOUNT, CURRENCY, DEBIT_AMOUNT, TYPE, TRANSACTION_NARRATIVE,  VALID_DATE) values (87345764, 546,'QTZ', 0,'CREDIT','', '2020-05-10 1:00:00');
INSERT INTO TRANSACTION (ACCOUNT_NUMBER, CREDIT_AMOUNT, CURRENCY, DEBIT_AMOUNT, TYPE, TRANSACTION_NARRATIVE,  VALID_DATE) values (87345764, 569,'QTZ', 0,'CREDIT','', '2020-05-11 1:00:00');
INSERT INTO TRANSACTION (ACCOUNT_NUMBER, CREDIT_AMOUNT, CURRENCY, DEBIT_AMOUNT, TYPE, TRANSACTION_NARRATIVE,  VALID_DATE) values (87345764, 448,'QTZ', 0,'CREDIT','', '2020-05-12 1:00:00');
INSERT INTO TRANSACTION (ACCOUNT_NUMBER, CREDIT_AMOUNT, CURRENCY, DEBIT_AMOUNT, TYPE, TRANSACTION_NARRATIVE,  VALID_DATE) values (87345764, 0,'QTZ', 829,'DEBIT','', '2020-05-13 1:00:00');
INSERT INTO TRANSACTION (ACCOUNT_NUMBER, CREDIT_AMOUNT, CURRENCY, DEBIT_AMOUNT, TYPE, TRANSACTION_NARRATIVE,  VALID_DATE) values (87345764, 0,'QTZ', 358,'DEBIT','', '2020-05-14 1:00:00');
INSERT INTO TRANSACTION (ACCOUNT_NUMBER, CREDIT_AMOUNT, CURRENCY, DEBIT_AMOUNT, TYPE, TRANSACTION_NARRATIVE,  VALID_DATE) values (87345764, 0,'QTZ', 234,'DEBIT','', '2020-05-15 1:00:00');
INSERT INTO TRANSACTION (ACCOUNT_NUMBER, CREDIT_AMOUNT, CURRENCY, DEBIT_AMOUNT, TYPE, TRANSACTION_NARRATIVE,  VALID_DATE) values (87345764, 0,'QTZ', 968,'DEBIT','', '2020-05-16 1:00:00');
INSERT INTO TRANSACTION (ACCOUNT_NUMBER, CREDIT_AMOUNT, CURRENCY, DEBIT_AMOUNT, TYPE, TRANSACTION_NARRATIVE,  VALID_DATE) values (87345764, 0,'QTZ', 263,'DEBIT','', '2020-05-17 1:00:00');
INSERT INTO TRANSACTION (ACCOUNT_NUMBER, CREDIT_AMOUNT, CURRENCY, DEBIT_AMOUNT, TYPE, TRANSACTION_NARRATIVE,  VALID_DATE) values (87345764, 0,'QTZ', 233,'DEBIT','', '2020-05-18 1:00:00');
INSERT INTO TRANSACTION (ACCOUNT_NUMBER, CREDIT_AMOUNT, CURRENCY, DEBIT_AMOUNT, TYPE, TRANSACTION_NARRATIVE,  VALID_DATE) values (87345764, 0,'QTZ', 416,'DEBIT','', '2020-05-19 1:00:00');
INSERT INTO TRANSACTION (ACCOUNT_NUMBER, CREDIT_AMOUNT, CURRENCY, DEBIT_AMOUNT, TYPE, TRANSACTION_NARRATIVE,  VALID_DATE) values (87345764, 0,'QTZ', 934,'DEBIT','', '2020-05-20 1:00:00');
INSERT INTO TRANSACTION (ACCOUNT_NUMBER, CREDIT_AMOUNT, CURRENCY, DEBIT_AMOUNT, TYPE, TRANSACTION_NARRATIVE,  VALID_DATE) values (87345764, 0,'QTZ', 402,'DEBIT','', '2020-05-21 1:00:00');
INSERT INTO TRANSACTION (ACCOUNT_NUMBER, CREDIT_AMOUNT, CURRENCY, DEBIT_AMOUNT, TYPE, TRANSACTION_NARRATIVE,  VALID_DATE) values (87345764, 0,'QTZ', 969,'DEBIT','', '2020-05-22 1:00:00');
INSERT INTO TRANSACTION (ACCOUNT_NUMBER, CREDIT_AMOUNT, CURRENCY, DEBIT_AMOUNT, TYPE, TRANSACTION_NARRATIVE,  VALID_DATE) values (87345764, 0,'QTZ', 49,'DEBIT','', '2020-05-23 1:00:00');